"pdbid","chain","labeling_pos","KF1","KF2","KF3","KF4","KF5","KF6","KF7","KF8","KF9","KF10","PP1","PP2","PP3","VHSE1","VHSE2","VHSE3","VHSE4","VHSE5","VHSE6","VHSE7","VHSE8","F1","F2","F3","F4","F5","F6","Z1","Z2","Z3","Z4","Z5","T1","T2","T3","T4","T5","ST1","ST2","ST3","ST4","ST5","ST6","ST7","ST8","FP1","FP2","FP3","FP4","FP5","FP6","FP7","FP8","BL1","BL2","BL3","BL4","BL5","BL6","BL7","BL8","BL9","BL10"
"1YMB","A",7,-0.112857142857143,-0.0171428571428571,-0.28,0.292857142857143,-0.0842857142857143,0.197142857142857,-0.00428571428571429,0.207142857142857,-0.581428571428571,-0.51,0.24,-0.351428571428571,-0.41,-0.312857142857143,0.131428571428571,-0.137142857142857,0.255714285714286,-0.602857142857143,-0.104285714285714,0.185714285714286,-0.351428571428571,-0.728571428571429,-0.00614285714285713,-0.0844285714285714,0.00328571428571428,-0.295571428571429,-0.391857142857143,0.812857142857143,-0.0814285714285714,-0.235714285714286,-0.915714285714286,-0.0242857142857143,-3.49,0.17,0.364285714285714,-0.267142857142857,0.761428571428571,-0.712,-0.122857142857143,-0.256571428571429,-0.158714285714286,0.208857142857143,-0.304428571428571,0.204285714285714,0.502,-1.84857142857143,0.261428571428571,-0.518571428571429,-1.16857142857143,-0.17,0.738571428571429,0.261428571428571,0.144285714285714,0.478571428571429,0.294285714285714,0.0257142857142857,-0.395714285714286,-0.185714285714286,0.194285714285714,-0.404285714285714,0.254285714285714,0.184285714285714,0.387142857142857
"1YMB","A",8,-0.344285714285714,0.0142857142857143,-0.0885714285714286,0.02,-0.0314285714285714,-0.117142857142857,0.35,0.0314285714285714,-0.625714285714286,-0.477142857142857,-0.0314285714285714,-0.22,-0.301428571428571,0.0457142857142857,0.0457142857142857,-0.0271428571428571,0.142857142857143,-0.188571428571429,-0.487142857142857,0.192857142857143,-0.52,-0.371714285714286,0.218428571428571,0.0994285714285714,0.300285714285714,-0.182,-0.160285714285714,-0.367142857142857,-0.4,-0.724285714285714,-0.667142857142857,-0.0114285714285714,-3.45142857142857,0.102857142857143,0.0957142857142857,-0.00285714285714284,0.614285714285714,-0.700428571428572,-0.169285714285714,-0.139571428571429,-0.131714285714286,-0.0404285714285714,-0.172428571428571,0.206571428571429,0.494285714285714,-0.0814285714285715,-0.062857142857143,-0.328571428571429,-0.424285714285714,-0.481428571428571,1.02714285714286,0.24,-0.0628571428571429,0.0557142857142858,0.17,-0.145714285714286,-0.49,-0.04,0.241428571428571,-0.157142857142857,0.2,0.142857142857143,0.424285714285714
"1YMB","A",9,-0.39,0.284285714285714,-0.0728571428571429,0.158571428571429,-0.02,-0.0485714285714286,0.148571428571429,-0.13,-0.231428571428571,-0.79,0.211428571428571,-0.158571428571429,-0.368571428571429,-0.0671428571428571,0.264285714285714,0.295714285714286,-0.0842857142857143,-0.191428571428571,-0.197142857142857,0.01,-0.442857142857143,-0.486571428571429,0.401285714285714,0.274857142857143,0.068,-0.0997142857142857,-0.083,-0.224285714285714,0.411428571428571,-0.627142857142857,-0.714285714285714,0.272857142857143,-2.59571428571429,0.37,0.278571428571429,-0.141428571428571,0.282857142857143,-0.563857142857143,-0.174857142857143,-0.206285714285714,-0.244142857142857,0.194571428571429,0.324857142857143,0.162857142857143,0.110285714285714,0.0357142857142857,1.29857142857143,-0.905714285714286,-0.251428571428571,-0.261428571428571,0.518571428571429,0.34,-0.324285714285714,0.15,0.177142857142857,-0.4,-0.358571428571429,0.0557142857142857,0.19,-0.334285714285714,-0.00571428571428571,-0.03,0.37
"1YMB","A",11,-0.288571428571429,0.155714285714286,0.448571428571429,-0.0657142857142857,0.238571428571429,-0.221428571428571,-0.01,-0.175714285714286,-0.247142857142857,-0.68,-0.0657142857142857,-0.142857142857143,-0.247142857142857,0.21,0.0757142857142857,0.257142857142857,-0.408571428571429,0.148571428571429,-0.372857142857143,-0.154285714285714,-0.45,-0.484142857142857,0.280857142857143,0.330571428571429,0.184142857142857,-0.193,0.251428571428571,-1.03857142857143,-0.00285714285714289,-0.831428571428572,-0.401428571428571,0.305714285714286,-3.00142857142857,-0.0242857142857143,0.245714285714286,0.0985714285714286,0.29,-0.635857142857143,-0.246714285714286,-0.198428571428571,-0.148571428571429,0.0237142857142857,0.226428571428571,0.135,0.0134285714285714,1.48428571428571,0.57,-0.72,0.268571428571429,0.0528571428571429,0.337142857142857,0.66,-0.191428571428571,-0.222857142857143,-0.0314285714285715,-0.394285714285714,-0.298571428571429,0.01,0.224285714285714,-0.188571428571429,-0.0542857142857143,-0.104285714285714,0.414285714285714
"1YMB","A",12,-0.0128571428571429,-0.158571428571429,0.405714285714286,-0.245714285714286,0.0957142857142857,-0.321428571428571,0.0585714285714286,0.262857142857143,-0.48,-0.281428571428571,-0.302857142857143,-0.242857142857143,-0.122857142857143,0.318571428571429,-0.16,-0.144285714285714,-0.105714285714286,0.06,-0.601428571428571,0.161428571428571,-0.582857142857143,-0.387714285714286,-0.0905714285714285,0.100285714285714,0.424714285714286,-0.346571428571429,0.0298571428571429,-0.995714285714286,-0.654285714285714,-0.574285714285714,-0.327142857142857,0.157142857142857,-4.08857142857143,-0.442857142857143,0.188571428571429,0.261428571428571,0.707142857142857,-0.804714285714286,-0.281857142857143,-0.197142857142857,-0.0517142857142857,-0.14,-0.315142857142857,0.134142857142857,0.315428571428571,1.23428571428571,-1.08714285714286,-0.00428571428571432,0.00142857142857137,-0.12,0.674285714285714,0.717142857142857,-0.298571428571429,-0.257142857142857,-0.05,-0.0228571428571429,-0.182857142857143,-0.14,0.405714285714286,0.0471428571428571,0.0414285714285714,-0.157142857142857,0.352857142857143
"1YMB","A",13,0.00571428571428569,-0.0757142857142857,0.362857142857143,-0.16,0.158571428571429,-0.637142857142857,0.102857142857143,0.352857142857143,-0.544285714285714,0.137142857142857,-0.328571428571429,-0.185714285714286,0.0742857142857143,0.288571428571429,-0.0771428571428572,-0.07,-0.0142857142857143,0.281428571428571,-0.565714285714286,0.422857142857143,-0.505714285714286,-0.460142857142857,-0.0632857142857143,0.147285714285714,0.537285714285714,-0.365,0.137285714285714,-0.918571428571429,-0.598571428571429,-0.724285714285714,0.0771428571428572,0.107142857142857,-4.03,-0.354285714285714,-0.0928571428571428,0.375714285714286,0.63,-0.782142857142857,-0.279428571428571,-0.127142857142857,-0.046,-0.255,-0.238428571428571,0.184571428571429,0.336142857142857,1.08571428571429,-0.784285714285714,0.214285714285714,0.355714285714286,-0.424285714285714,0.797142857142857,0.755714285714286,-0.265714285714286,-0.25,-0.0985714285714286,-0.0128571428571429,-0.201428571428571,-0.0942857142857143,0.431428571428571,0.14,0.0314285714285714,-0.185714285714286,0.135714285714286
"1YMB","A",14,0.00571428571428569,-0.0757142857142857,0.362857142857143,-0.16,0.158571428571429,-0.637142857142857,0.102857142857143,0.352857142857143,-0.544285714285714,0.137142857142857,-0.328571428571429,-0.185714285714286,0.0742857142857143,0.288571428571429,-0.0771428571428572,-0.07,-0.0142857142857143,0.281428571428571,-0.565714285714286,0.422857142857143,-0.505714285714286,-0.460142857142857,-0.0632857142857143,0.147285714285714,0.537285714285714,-0.365,0.137285714285714,-0.918571428571429,-0.598571428571429,-0.724285714285714,0.0771428571428572,0.107142857142857,-4.03,-0.354285714285714,-0.0928571428571428,0.375714285714286,0.63,-0.782142857142857,-0.279428571428571,-0.127142857142857,-0.046,-0.255,-0.238428571428571,0.184571428571429,0.336142857142857,1.08571428571429,-0.784285714285714,0.214285714285714,0.355714285714286,-0.424285714285714,0.797142857142857,0.755714285714286,-0.265714285714286,-0.25,-0.0985714285714286,-0.0128571428571429,-0.201428571428571,-0.0942857142857143,0.431428571428571,0.14,0.0314285714285714,-0.185714285714286,0.135714285714286
"1YMB","A",18,-0.397142857142857,-0.53,-0.112857142857143,0.297142857142857,-0.222857142857143,-0.391428571428571,-0.158571428571429,0.517142857142857,-0.188571428571429,0.00428571428571428,-0.177142857142857,-0.51,-0.0728571428571429,-0.217142857142857,-0.275714285714286,-0.494285714285714,-0.171428571428571,-0.455714285714286,-0.47,0.648571428571429,-0.181428571428571,-0.548571428571429,0.171285714285714,-0.355285714285714,0.678142857142857,-0.211571428571429,-0.312714285714286,0.741428571428571,-1.23857142857143,-0.422857142857143,-0.951428571428571,0.281428571428571,-5.73,0.121428571428571,0.121428571428571,0.531428571428571,1.00714285714286,-1.05057142857143,-0.415857142857143,-0.335571428571429,0.0481428571428571,-0.112,-0.429142857142857,0.106428571428571,0.501857142857143,-1.55428571428571,-1.45,-1.23714285714286,-0.145714285714286,-0.552857142857143,0.745714285714286,0.361428571428571,0.00857142857142855,0.358571428571429,-0.415714285714286,-0.04,-0.0271428571428571,-0.28,0.264285714285714,-0.0957142857142857,0.294285714285714,0.314285714285714,0.08
"1YMB","A",21,-0.524285714285714,-0.71,-0.55,0.112857142857143,-0.417142857142857,-0.0114285714285714,-0.462857142857143,0.575714285714286,0.137142857142857,-0.01,-0.161428571428571,-0.587142857142857,-0.0985714285714286,-0.198571428571429,-0.438571428571429,-0.71,-0.117142857142857,-0.645714285714286,-0.312857142857143,0.634285714285714,-0.171428571428571,-0.169142857142857,0.194857142857143,-0.547714285714286,0.481142857142857,-0.145571428571429,-0.687857142857143,1.17142857142857,-1.04142857142857,0.275714285714286,-0.505714285714286,0.438571428571429,-5.96714285714286,-0.498571428571429,0.414285714285714,0.205714285714286,1.26142857142857,-1.07057142857143,-0.384714285714286,-0.409857142857143,-0.100142857142857,0.0387142857142857,-0.828,0.247285714285714,0.641571428571429,-1.55142857142857,-2.15,-1.14285714285714,-0.427142857142857,-0.275714285714286,0.63,-0.384285714285714,-0.321428571428572,0.471428571428571,-0.144285714285714,0.125714285714286,0.307142857142857,-0.227142857142857,0.141428571428571,0.0614285714285714,0.254285714285714,0.42,0.302857142857143
"1YMB","A",24,-0.242857142857143,-0.685714285714286,-0.208571428571429,0.17,0.0185714285714286,0.147142857142857,0.0914285714285714,0.755714285714286,-0.242857142857143,-0.308571428571429,-0.181428571428571,-0.537142857142857,0.0157142857142857,-0.221428571428571,-0.577142857142857,-0.808571428571429,0.364285714285714,-0.328571428571429,-0.478571428571429,0.837142857142857,-0.432857142857143,-0.168285714285714,-0.121571428571429,-0.563,0.418571428571429,-0.282571428571429,-0.456285714285714,1.11142857142857,-1.35142857142857,-0.24,-0.442857142857143,0.185714285714286,-5.94571428571429,-0.3,0.148571428571429,0.165714285714286,1.3,-1.07728571428571,-0.234,-0.262571428571429,-0.0317142857142857,-0.0997142857142857,-0.930142857142857,0.290142857142857,0.896428571428571,-1.97142857142857,-2.41285714285714,0.0742857142857142,-0.134285714285714,-0.204285714285714,1.16,-0.165714285714286,-0.518571428571429,0.515714285714286,0.0528571428571429,0.127142857142857,0.147142857142857,-0.127142857142857,0.271428571428571,0.308571428571429,0.338571428571429,0.302857142857143,0.425714285714286
"1YMB","A",26,-0.17,-0.525714285714286,-0.0685714285714286,0.104285714285714,0.221428571428571,-0.154285714285714,0.222857142857143,0.594285714285714,-0.368571428571429,0.24,-0.181428571428571,-0.478571428571429,-0.0571428571428571,-0.121428571428571,-0.52,-0.631428571428571,0.365714285714286,-0.311428571428571,-0.514285714285714,0.785714285714286,-0.438571428571429,-0.434428571428571,-0.0764285714285714,-0.429857142857143,0.534142857142857,-0.219714285714286,-0.303428571428571,0.651428571428571,-1.33571428571429,-0.514285714285714,-0.527142857142857,0.08,-5.50142857142857,-0.121428571428571,0.05,0.181428571428571,1.07857142857143,-1.02328571428571,-0.158428571428571,-0.164142857142857,-0.0168571428571429,-0.145857142857143,-0.646142857142857,0.234,0.768285714285714,-1.35428571428571,-2.06428571428571,0.162857142857143,-0.245714285714286,-0.334285714285714,1.16142857142857,-7.93016446160826e-18,-0.652857142857143,0.35,0.0471428571428572,-0.0557142857142857,0.0771428571428572,-0.157142857142857,0.275714285714286,0.25,0.341428571428571,0.112857142857143,0.432857142857143
"1YMB","A",27,-0.482857142857143,-0.268571428571429,0.22,0.0171428571428571,0.13,-0.134285714285714,-0.0842857142857143,0.33,-0.0371428571428571,-0.08,-0.19,-0.342857142857143,-0.152857142857143,0.0885714285714286,-0.321428571428571,-0.212857142857143,-0.217142857142857,-0.192857142857143,-0.575714285714286,0.475714285714286,-0.265714285714286,-0.187428571428571,0.317142857142857,-0.0777142857142857,0.463428571428571,-0.0884285714285714,-0.0787142857142857,-0.197142857142857,-1.00285714285714,-0.81,-0.53,0.171428571428571,-4.59285714285714,0.0114285714285714,0.0457142857142857,0.274285714285714,0.584285714285714,-0.872,-0.300142857142857,-0.187714285714286,-0.112571428571429,-0.0992857142857143,-0.0164285714285715,0.190428571428571,0.298857142857143,0.4,-1.06571428571429,-0.79,0.102857142857143,-0.338571428571429,0.705714285714286,0.235714285714286,-0.768571428571429,0.02,-0.138571428571429,-0.411428571428571,0.118571428571429,-0.164285714285714,0.145714285714286,0.0585714285714286,0.245714285714286,0.08,0.428571428571429
"1YMB","A",30,-0.712857142857143,0.224285714285714,0.392857142857143,-0.251428571428571,-0.561428571428571,-0.69,0.235714285714286,0.02,0.384285714285714,0.157142857142857,-0.407142857142857,0.0214285714285714,-0.197142857142857,0.517142857142857,0.22,0.45,-0.548571428571429,0.0857142857142857,-0.595714285714286,0.0914285714285714,-0.107142857142857,0.180142857142857,0.770857142857143,0.533571428571429,0.775285714285714,0.147285714285714,0.370428571428571,-1.80428571428571,-0.324285714285714,-1.25428571428571,-0.52,0.125714285714286,-3.02714285714286,0.587142857142857,-0.304285714285714,0.451428571428571,0.0342857142857143,-0.611,-0.328,0.0127142857142857,-0.0848571428571429,-0.395428571428571,0.621428571428571,0.0652857142857143,0.0237142857142857,3.14428571428571,0.341428571428571,-1.38428571428571,0.345714285714286,-0.662857142857143,0.397142857142857,0.334285714285714,-0.322857142857143,-0.648571428571429,-0.378571428571429,-0.712857142857143,-0.0357142857142857,-0.0985714285714286,0.218571428571429,-0.0385714285714286,0.165714285714286,0.0185714285714286,-0.104285714285714
"1YMB","A",31,-0.468571428571429,0.0971428571428572,0.795714285714286,-0.328571428571429,-0.388571428571429,-0.717142857142857,0.264285714285714,-0.198571428571429,0.354285714285714,0.201428571428571,-0.484285714285714,0.00714285714285714,-0.00285714285714285,0.637142857142857,0.09,0.357142857142857,-0.751428571428571,0.385714285714286,-0.572857142857143,-0.151428571428571,-0.0542857142857143,0.368285714285714,0.508285714285714,0.498,0.793571428571428,0.103428571428571,0.639,-2.14142857142857,-0.672857142857143,-1.39857142857143,-0.294285714285714,0.104285714285714,-3.44714285714286,0.238571428571429,-0.218571428571429,0.578571428571429,0.108571428571429,-0.672714285714286,-0.404857142857143,-0.0631428571428571,-0.0415714285714286,-0.409285714285714,0.437285714285714,0.0192857142857143,-0.131142857142857,3.58714285714286,-0.225714285714286,-0.971428571428571,0.814285714285714,-0.205714285714286,0.0328571428571428,0.504285714285714,0.1,-0.832857142857143,-0.515714285714286,-0.591428571428571,0.0142857142857143,-0.0557142857142857,0.284285714285714,0.0628571428571429,-0.165714285714286,-0.07,-0.138571428571429
"1YMB","A",33,-0.0642857142857143,-0.00714285714285713,0.465714285714286,-0.0971428571428571,-0.137142857142857,-0.18,0.204285714285714,0.305714285714286,0.28,0.274285714285714,-0.242857142857143,-0.0942857142857143,0.174285714285714,0.244285714285714,-0.0428571428571429,0.00714285714285714,-0.0114285714285715,0.32,-0.162857142857143,0.291428571428571,-0.06,0.319285714285714,0.0181428571428572,0.153428571428571,0.349571428571429,-0.0995714285714286,0.371285714285714,-0.514285714285714,-0.411428571428571,-0.877142857142857,0.37,-0.0542857142857143,-3.64285714285714,-0.0271428571428571,-0.204285714285714,0.0628571428571428,0.471428571428571,-0.688428571428571,-0.174142857142857,-0.0371428571428571,-0.142714285714286,-0.262714285714286,-0.119,0.251142857142857,0.291857142857143,1.25428571428571,-0.561428571428572,0.368571428571428,0.435714285714286,0.15,0.281428571428571,0.0371428571428571,-0.187142857142857,-0.245714285714286,0.0285714285714286,-0.242857142857143,0.264285714285714,-0.00285714285714287,0.27,0.312857142857143,-0.0771428571428571,-0.0685714285714286,-0.0471428571428572
"1YMB","A",36,0.281428571428571,-0.285714285714286,-0.172857142857143,0.0528571428571429,0.185714285714286,0.0657142857142857,0.137142857142857,-0.0414285714285714,0.0642857142857143,0.232857142857143,-0.0185714285714286,-0.407142857142857,-0.00571428571428571,-0.107142857142857,-0.28,-0.4,0.0857142857142857,-0.294285714285714,-0.164285714285714,0.107142857142857,0.495714285714286,-0.149714285714286,-0.430714285714286,-0.355571428571429,0.0804285714285714,0.486142857142857,-0.321285714285714,0.464285714285714,-0.571428571428571,0.167142857142857,-0.234285714285714,0.00571428571428571,-4.45857142857143,-0.917142857142857,0.208571428571429,-0.378571428571429,0.662857142857143,-0.841142857142857,-0.326571428571429,-0.184857142857143,-0.177428571428571,-0.0284285714285714,-0.628571428571429,0.131285714285714,0.119714285714286,-1.67,-1.33571428571429,0.675714285714286,-0.14,-0.411428571428571,-0.372857142857143,-0.247142857142857,-0.0228571428571429,0.384285714285714,0.117142857142857,0.0985714285714286,0.144285714285714,-0.318571428571429,-0.0928571428571429,0.155714285714286,-0.431428571428571,0.128571428571429,0.00857142857142856
"1YMB","A",37,0.162857142857143,-0.425714285714286,-0.155714285714286,0.1,0.0757142857142857,-0.111428571428571,0.178571428571429,-0.307142857142857,-0.115714285714286,0.428571428571429,-0.0257142857142857,-0.471428571428571,0.0428571428571429,-0.13,-0.357142857142857,-0.485714285714286,-0.00571428571428576,-0.298571428571429,-0.4,0.308571428571429,0.435714285714286,-0.156428571428571,-0.311428571428571,-0.446,0.356142857142857,0.561,-0.339285714285714,0.455714285714286,-1.03428571428571,-0.197142857142857,-0.414285714285714,0.214285714285714,-5.15428571428571,-0.742857142857143,0.228571428571429,0.00999999999999999,0.728571428571429,-0.956428571428572,-0.384142857142857,-0.333714285714286,-0.154428571428571,0.0161428571428572,-0.563571428571429,0.149571428571429,0.0615714285714285,-1.81285714285714,-1.65142857142857,0.304285714285714,0.11,-0.584285714285714,-0.192857142857143,-0.13,-0.245714285714286,0.414285714285714,-0.15,0.0171428571428571,0.0314285714285714,-0.235714285714286,-0.0857142857142857,0.174285714285714,-0.424285714285714,0.00428571428571429,0.19
"1YMB","A",38,-0.0814285714285714,-0.298571428571429,-0.558571428571429,0.177142857142857,-0.0971428571428572,-0.0842857142857143,0.15,-0.0885714285714286,-0.0857142857142857,0.384285714285714,0.0514285714285714,-0.457142857142857,-0.151428571428571,-0.25,-0.227142857142857,-0.392857142857143,0.197142857142857,-0.598571428571429,-0.422857142857143,0.551428571428571,0.382857142857143,-0.344571428571429,-0.0488571428571429,-0.410428571428571,0.337857142857143,0.604857142857143,-0.607857142857143,0.792857142857143,-0.685714285714286,-0.0528571428571429,-0.64,0.235714285714286,-4.73428571428571,-0.394285714285714,0.142857142857143,-0.117142857142857,0.654285714285714,-0.894714285714286,-0.307285714285714,-0.257857142857143,-0.197714285714286,0.03,-0.379428571428571,0.195571428571429,0.216428571428571,-2.25571428571429,-1.08428571428571,-0.108571428571429,-0.358571428571429,-1.04142857142857,0.171428571428571,-0.3,-0.668571428571429,0.598571428571429,-0.0128571428571428,-0.104285714285714,-0.0185714285714286,-0.278571428571429,-0.151428571428571,0.0728571428571429,-0.0928571428571429,0.0928571428571429,0.224285714285714
"1YMB","A",40,-0.31,0.164285714285714,-0.57,0.198571428571429,-0.09,-0.56,0.485714285714286,-0.347142857142857,0.165714285714286,0.108571428571429,0.0457142857142857,-0.215714285714286,-0.214285714285714,-0.11,0.214285714285714,0.167142857142857,-0.0642857142857143,-0.325714285714286,-0.301428571428571,0.174285714285714,0.471428571428571,-0.296714285714286,0.325857142857143,0.0611428571428572,0.407142857142857,0.741571428571429,-0.305142857142857,-0.128571428571429,0.02,-0.345714285714286,-0.79,0.232857142857143,-3.37428571428571,0.165714285714286,-0.172857142857143,-0.0885714285714286,0.127142857142857,-0.673857142857143,-0.317857142857143,-0.0461428571428571,-0.172142857142857,-0.136285714285714,0.281285714285714,0.0232857142857143,-0.025,-1.21285714285714,0.695714285714286,-0.65,0.00142857142857148,-1.40857142857143,-0.0671428571428571,-0.178571428571429,0.02,0.305714285714286,-0.12,-0.395714285714286,-0.285714285714286,-0.211428571428571,-0.152857142857143,-0.167142857142857,-0.172857142857143,0.205714285714286,-0.257142857142857
"1YMB","A",42,-0.362857142857143,0.27,-0.434285714285714,0.497142857142857,0.06,-0.762857142857143,0.384285714285714,-0.0171428571428571,0.15,0.351428571428571,0.255714285714286,-0.194285714285714,-0.0628571428571428,-0.304285714285714,0.377142857142857,0.265714285714286,-0.01,-0.164285714285714,0.197142857142857,0.308571428571429,0.0585714285714286,-0.429428571428571,0.437,0.150571428571429,0.417571428571429,0.0702857142857143,-0.0471428571428571,0.56,0.204285714285714,-0.672857142857143,-0.594285714285714,0.134285714285714,-3.24571428571429,0.852857142857143,-0.212857142857143,0.0471428571428571,0.227142857142857,-0.635714285714286,-0.176714285714286,-0.0514285714285714,-0.155142857142857,-0.00614285714285713,0.493857142857143,0.0352857142857143,0.118571428571429,-1.59571428571429,1.56,-0.964285714285714,-0.0442857142857143,-0.75,0.26,-0.0214285714285714,0.508571428571429,0.352857142857143,-0.06,-0.422857142857143,-0.161428571428571,-0.0185714285714286,0.162857142857143,-0.345714285714286,-0.08,0.16,-0.418571428571429
"1YMB","A",66,-0.221428571428571,-0.391428571428571,0.615714285714286,0.0785714285714285,0.514285714285714,-0.597142857142857,-0.0457142857142858,0.137142857142857,-0.291428571428571,0.73,-0.301428571428571,-0.354285714285714,0.244285714285714,0.105714285714286,-0.48,-0.298571428571429,-0.344285714285714,0.317142857142857,-0.487142857142857,0.482857142857143,-0.121428571428571,-0.479714285714286,0.0831428571428572,-0.177714285714286,0.636,-0.155428571428571,0.384571428571429,-0.271428571428571,-1.42571428571429,-1.08,0.0985714285714286,0.06,-5.18571428571429,-0.342857142857143,-0.0885714285714285,0.472857142857143,0.68,-0.960857142857143,-0.357857142857143,-0.190142857142857,-0.00642857142857143,-0.250857142857143,-0.304714285714286,0.211857142857143,0.229428571428571,0.474285714285714,-1.49714285714286,-0.13,0.967142857142857,-0.128571428571429,0.515714285714286,0.418571428571429,-0.235714285714286,-0.11,-0.338571428571429,-0.261428571428571,0.104285714285714,-0.0757142857142857,0.22,0.272857142857143,-0.121428571428571,0.03,0.234285714285714
"1YMB","A",67,-0.135714285714286,-0.608571428571429,0.821428571428571,-0.0742857142857143,0.28,-0.335714285714286,-0.175714285714286,-0.0157142857142857,-0.302857142857143,0.671428571428571,-0.33,-0.46,0.154285714285714,0.224285714285714,-0.652857142857143,-0.477142857142857,-0.61,0.0742857142857143,-0.584285714285714,0.137142857142857,-0.0842857142857143,-0.286142857142857,-0.0628571428571428,-0.305571428571429,0.637142857142857,-0.114571428571429,0.301714285714286,-0.491428571428571,-1.86428571428571,-0.884285714285714,-0.322857142857143,-0.0414285714285714,-5.66857142857143,-0.765714285714286,0.311428571428571,0.458571428571429,0.845714285714286,-1.04042857142857,-0.525428571428571,-0.362714285714286,-0.00614285714285714,-0.118714285714286,-0.559857142857143,0.115857142857143,0.048,0.901428571428571,-2.46428571428571,-0.33,0.684285714285714,0.198571428571429,0.142857142857143,0.497142857142857,-0.124285714285714,-0.245714285714286,-0.437142857142857,-0.121428571428571,0.224285714285714,-0.19,0.26,0.2,-0.42,0.0257142857142857,0.364285714285714
"1YMB","A",68,-0.3,-0.921428571428571,0.722857142857143,-0.152857142857143,-0.0828571428571429,-0.591428571428571,0.06,-0.0942857142857143,-0.434285714285714,0.37,-0.562857142857143,-0.552857142857143,0.145714285714286,0.307142857142857,-0.775714285714286,-0.722857142857143,-0.768571428571429,0.00428571428571428,-0.897142857142857,0.0557142857142857,-0.245714285714286,-0.218,-0.0114285714285714,-0.446285714285714,1.03628571428571,-0.105714285714286,0.191857142857143,-0.81,-2.47428571428571,-0.835714285714286,-0.9,0.131428571428571,-6.82571428571429,-0.811428571428571,0.4,0.865714285714286,1.19857142857143,-1.23,-0.69,-0.463571428571429,0.175857142857143,-0.265714285714286,-0.917285714285714,-0.0162857142857143,0.222571428571429,0.862857142857143,-3.47571428571429,-0.805714285714286,0.825714285714286,-0.0228571428571428,0.348571428571429,0.562857142857143,0.412857142857143,-0.337142857142857,-0.79,0.0685714285714286,0.00285714285714285,-0.205714285714286,0.4,0.2,-0.415714285714286,0.247142857142857,0.27
"1YMB","A",69,-0.657142857142857,-0.641428571428571,0.721428571428571,-0.287142857142857,-0.175714285714286,-0.868571428571429,0.00857142857142854,-0.54,-0.132857142857143,0.437142857142857,-0.565714285714286,-0.405714285714286,0.0414285714285714,0.53,-0.547142857142857,-0.295714285714286,-1.20857142857143,0.111428571428571,-0.924285714285714,-0.22,-0.142857142857143,-0.0172857142857143,0.466714285714286,-0.109285714285714,1.13271428571429,0.130142857142857,0.335428571428571,-1.71428571428571,-2.08,-1.1,-0.885714285714286,0.305714285714286,-5.93571428571429,-0.598571428571429,0.347142857142857,0.965714285714286,0.737142857142857,-1.08457142857143,-0.741571428571429,-0.431857142857143,0.0855714285714286,-0.251,-0.297,-0.0727142857142857,-0.156142857142857,2.5,-2.42,-1.64714285714286,1.10857142857143,-0.221428571428571,0.0342857142857143,0.51,0.355714285714286,-0.66,-0.937142857142857,-0.304285714285714,-0.0342857142857143,-0.122857142857143,0.278571428571429,0.0428571428571429,-0.518571428571429,0.182857142857143,0.232857142857143
"1YMB","A",70,-0.485714285714286,-0.821428571428571,0.515714285714286,-0.4,-0.147142857142857,-0.914285714285714,0.162857142857143,-0.0385714285714286,-0.29,0.475714285714286,-0.748571428571429,-0.457142857142857,0.0585714285714286,0.55,-0.692857142857143,-0.592857142857143,-0.731428571428571,0.0442857142857143,-1.09142857142857,0.18,-0.39,-0.042,0.214,-0.258714285714286,1.25957142857143,-0.0458571428571429,0.0892857142857143,-1.52857142857143,-2.34857142857143,-0.888571428571429,-0.794285714285714,0.308571428571429,-6.59857142857143,-0.682857142857143,0.171428571428571,1.02857142857143,1.06571428571429,-1.19642857142857,-0.611571428571429,-0.328,0.176428571428571,-0.431857142857143,-0.660142857142857,-0.028,0.306571428571429,1.97142857142857,-3.41285714285714,-0.95,0.77,-0.417142857142857,0.621428571428572,0.45,0.104285714285714,-0.565714285714286,-0.808571428571429,-0.0828571428571429,-0.02,-0.204285714285714,0.394285714285714,0.258571428571429,-0.114285714285714,0.162857142857143,0.258571428571429
"1YMB","A",72,-0.17,-0.921428571428571,0.155714285714286,-0.418571428571429,-0.352857142857143,-0.694285714285714,0.538571428571429,0.354285714285714,-0.301428571428571,0.101428571428571,-0.722857142857143,-0.484285714285714,0.142857142857143,0.485714285714286,-0.668571428571428,-0.877142857142857,-0.117142857142857,-0.0514285714285714,-1.09,0.512857142857143,-0.591428571428572,0.527,-0.182142857142857,-0.388,1.24685714285714,-0.167714285714286,-0.31,-1.05142857142857,-2.42142857142857,-0.641428571428571,-0.788571428571428,0.297142857142857,-7.04428571428571,-0.627142857142857,0.0528571428571429,1.02142857142857,1.36285714285714,-1.24828571428571,-0.503285714285714,-0.311285714285714,0.157857142857143,-0.433,-0.928142857142857,-0.0184285714285714,0.646571428571429,0.657142857142857,-4.07714285714286,-0.0542857142857144,0.338571428571429,-0.527142857142857,0.974285714285714,0.265714285714286,0.0657142857142857,-0.33,-0.594285714285714,0.235714285714286,0.03,-0.197142857142857,0.558571428571429,0.41,0.0328571428571429,0.0614285714285714,0.148571428571429
"1YMB","A",77,0.0185714285714285,-0.231428571428571,0.0571428571428571,0.415714285714286,0.532857142857143,-1.01428571428571,0.888571428571429,0.604285714285714,-0.521428571428571,0.267142857142857,-0.257142857142857,-0.245714285714286,0.508571428571429,-0.182857142857143,-0.147142857142857,-0.357142857142857,0.622857142857143,0.625714285714286,-0.475714285714286,1.26142857142857,-0.434285714285714,-0.263857142857143,-0.151142857142857,-0.135,0.870714285714286,-0.342428571428571,0.209285714285714,0.4,-1.21142857142857,-1.42142857142857,0.181428571428571,0.181428571428571,-5.37428571428571,0.657142857142857,-0.85,0.797142857142857,0.811428571428571,-0.973,-0.0985714285714286,0.0302857142857143,0.113571428571429,-0.520571428571429,-0.212142857142857,0.219857142857143,0.83,-2.00428571428571,-0.785714285714286,0.894285714285714,1.14571428571429,-0.907142857142857,1.49714285714286,0.447142857142857,0.137142857142857,0.321428571428571,-0.252857142857143,-0.0828571428571429,-0.308571428571429,0.112857142857143,0.471428571428571,0.432857142857143,0.354285714285714,-0.0142857142857143,-0.268571428571429
"1YMB","A",113,-0.802857142857143,-0.237142857142857,0.55,-0.392857142857143,0.165714285714286,-0.222857142857143,-0.81,0.168571428571429,0.54,0.114285714285714,-0.485714285714286,-0.211428571428571,0.0442857142857143,0.564285714285714,-0.391428571428571,0.0257142857142857,-0.978571428571429,0.297142857142857,-0.62,0.248571428571429,-0.0128571428571428,0.369,0.641142857142857,0.184714285714286,0.424428571428571,-0.00285714285714286,0.212714285714286,-1.35285714285714,-0.831428571428572,-0.761428571428571,0.63,0.402857142857143,-4.26857142857143,-0.781428571428571,0.02,0.395714285714286,0.274285714285714,-0.790142857142857,-0.480142857142857,-0.207714285714286,-0.255285714285714,-0.187857142857143,0.192714285714286,0.310285714285714,-0.107,3.45714285714286,-1.19285714285714,-1.24428571428571,1.04428571428571,-0.0557142857142857,0.0757142857142857,0.0842857142857143,-1.04857142857143,-0.562857142857143,-0.31,-0.585714285714286,0.535714285714286,-0.118571428571429,-0.0471428571428571,0.262857142857143,0.0514285714285714,0.05,0.474285714285714
"1YMB","A",116,-0.362857142857143,0.0842857142857143,0.127142857142857,0.208571428571429,0.872857142857143,-0.268571428571429,-0.914285714285714,-0.0742857142857143,0.275714285714286,0.977142857142857,0.16,-0.207142857142857,0.328571428571429,-0.144285714285714,-0.251428571428571,0.132857142857143,-0.25,0.47,0.287142857142857,0.517142857142857,0.22,-0.403428571428571,0.397285714285714,-0.0191428571428571,-0.0537142857142857,0.0251428571428571,0.356142857142857,0.745714285714286,0.247142857142857,-0.512857142857143,1.46142857142857,0.295714285714286,-3.33,-0.414285714285714,-0.17,-0.377142857142857,0.177142857142857,-0.640142857142857,-0.0364285714285714,-0.0957142857142857,-0.425857142857143,0.0971428571428571,0.163857142857143,0.580857142857143,0.0557142857142857,0.25,0.662857142857143,-0.0528571428571429,1.17857142857143,0.228571428571429,0.00571428571428569,-0.501428571428571,-1.10571428571429,0.228571428571429,0.295714285714286,-0.612857142857143,0.572857142857143,0.214285714285714,-0.175714285714286,0.331428571428571,-0.105714285714286,0.00571428571428571,0.368571428571429
"1YMB","A",119,0.535714285714286,-0.247142857142857,-0.512857142857143,0.368571428571429,0.658571428571429,-0.0628571428571429,-0.62,0.0342857142857143,0.0928571428571428,0.644285714285714,0.237142857142857,-0.461428571428571,0.247142857142857,-0.547142857142857,-0.241428571428571,-0.452857142857143,0.441428571428571,-0.125714285714286,0.327142857142857,0.671428571428571,0.617142857142857,-0.618857142857143,-0.579142857142857,-0.520857142857143,-0.139,0.334428571428571,-0.369857142857143,1.99857142857143,0.122857142857143,0.472857142857143,0.76,0.504285714285714,-4.63142857142857,-0.704285714285714,-0.0357142857142857,-0.484285714285714,0.708571428571429,-0.871,0.0252857142857143,-0.213428571428571,-0.275571428571429,0.125285714285714,-0.583142857142857,0.435571428571429,0.340571428571429,-3.62142857142857,-0.48,1.00285714285714,0.0857142857142857,-0.138571428571429,-0.33,-0.477142857142857,-0.504285714285714,0.957142857142857,0.301428571428571,0.0642857142857143,0.325714285714286,-0.151428571428571,-0.251428571428571,0.282857142857143,0.0314285714285714,-0.02,0.0942857142857143
"1YMB","A",120,0.564285714285714,-0.181428571428571,-0.524285714285714,0.124285714285714,0.46,-0.322857142857143,-0.26,0.124285714285714,0.175714285714286,0.348571428571429,0.02,-0.377142857142857,0.111428571428571,-0.268571428571429,-0.118571428571429,-0.368571428571429,0.391428571428571,-0.162857142857143,0.184285714285714,0.348571428571428,0.495714285714286,-0.402142857142857,-0.603142857142857,-0.326571428571429,0.0582857142857143,0.336,-0.396142857142857,1.04285714285714,0.121428571428571,0.587142857142857,0.28,0.402857142857143,-4.41714285714286,-0.651428571428571,-0.127142857142857,-0.407142857142857,0.675714285714286,-0.841571428571429,-0.0228571428571429,-0.0704285714285714,-0.158857142857143,-0.0897142857142857,-0.540714285714286,0.212,0.380428571428571,-2.68,-0.66,0.958571428571429,-0.175714285714286,-0.374285714285714,-0.354285714285714,-0.337142857142857,0.0442857142857143,0.622857142857143,0.224285714285714,0.134285714285714,0.192857142857143,-0.28,-0.0971428571428572,0.185714285714286,0.0571428571428571,0.0685714285714286,-0.231428571428571
"1YMB","A",123,0.624285714285714,-0.768571428571429,-0.871428571428571,-0.164285714285714,-0.21,-0.28,0.0528571428571429,0.625714285714286,0.122857142857143,0.16,-0.34,-0.637142857142857,-0.194285714285714,-0.115714285714286,-0.341428571428571,-0.995714285714286,0.501428571428571,-0.88,-0.244285714285714,0.417142857142857,0.188571428571429,-0.279857142857143,-0.892857142857143,-0.673857142857143,0.477285714285714,0.167714285714286,-1.077,0.917142857142857,-0.91,1.15428571428571,-0.78,0.488571428571429,-6.32142857142857,-1.00428571428571,0.287142857142857,0.0157142857142857,1.44714285714286,-1.16028571428571,-0.188285714285714,-0.220571428571429,0.0858571428571428,-0.203857142857143,-1.283,-0.0301428571428571,0.785571428571428,-3.11142857142857,-3.13285714285714,0.641428571428571,-1.46857142857143,-0.537142857142857,0.0242857142857143,-0.254285714285714,0.482857142857143,0.591428571428571,-0.0328571428571429,0.671428571428571,0.13,-0.661428571428571,0.122857142857143,0.0957142857142857,0.357142857142857,0.155714285714286,-0.191428571428571
"1YMB","A",125,-0.168571428571429,-0.645714285714286,-0.802857142857143,0.0842857142857143,-0.325714285714286,-0.227142857142857,-0.0871428571428571,0.504285714285714,0.28,-0.267142857142857,-0.124285714285714,-0.588571428571429,-0.264285714285714,-0.234285714285714,-0.24,-0.715714285714286,0.06,-0.787142857142857,0.0457142857142857,0.18,-0.255714285714286,-0.288571428571429,-0.113,-0.507142857142857,0.453142857142857,-0.219285714285714,-0.782857142857143,1.14571428571429,-0.628571428571428,0.72,-0.974285714285714,0.537142857142857,-5.80571428571429,-0.312857142857143,0.51,0.0528571428571429,1.39428571428571,-1.06328571428571,-0.208,-0.301857142857143,0.0322857142857143,0.0101428571428572,-0.932714285714286,0.00814285714285714,0.785714285714286,-2.33,-1.85142857142857,-0.871428571428571,-1.10142857142857,0.04,0.344285714285714,-0.458571428571429,0.771428571428571,0.511428571428571,-0.0485714285714286,0.321428571428571,0.138571428571429,-0.3,0.257142857142857,-0.167142857142857,0.304285714285714,0.462857142857143,-0.04
"1YMB","A",126,-0.0428571428571429,-0.894285714285714,-0.61,-0.0542857142857143,-0.18,-0.264285714285714,0.318571428571429,0.774285714285714,-0.0657142857142857,-0.301428571428571,-0.392857142857143,-0.604285714285714,-0.0514285714285714,-0.0985714285714286,-0.554285714285714,-1.03285714285714,0.387142857142857,-0.48,-0.31,0.462857142857143,-0.527142857142857,-0.132428571428571,-0.366571428571429,-0.660285714285714,0.653714285714286,-0.341571428571429,-0.694857142857143,0.87,-1.34142857142857,0.495714285714286,-0.74,0.375714285714286,-6.65714285714286,-0.592857142857143,0.294285714285714,0.217142857142857,1.70857142857143,-1.19714285714286,-0.202857142857143,-0.216571428571429,0.149571428571429,-0.253857142857143,-1.421,0.0668571428571429,1.15671428571429,-2.2,-3.23142857142857,0.16,-0.64,-0.0728571428571429,0.947142857142857,-0.427142857142857,0.621428571428571,0.411428571428571,-0.0257142857142857,0.522857142857143,0.0814285714285714,-0.237142857142857,0.425714285714286,0.237142857142857,0.352857142857143,0.485714285714286,0.0342857142857143
"1YMB","A",128,-0.644285714285714,-0.967142857142857,-0.724285714285714,0.03,-0.0728571428571429,-0.0271428571428572,0.0428571428571429,0.284285714285714,-0.224285714285714,-0.334285714285714,-0.4,-0.634285714285714,-0.00571428571428572,-0.121428571428571,-0.657142857142857,-0.925714285714286,-0.0471428571428572,-0.404285714285714,-0.297142857142857,0.294285714285714,-0.472857142857143,-0.125142857142857,0.218142857142857,-0.719142857142857,0.549571428571429,-0.174,-0.652571428571428,0.807142857142857,-1.40142857142857,0.445714285714286,-0.442857142857143,0.564285714285714,-7.09571428571429,-0.378571428571429,0.157142857142857,0.674285714285714,1.51714285714286,-1.25171428571429,-0.245571428571429,-0.340142857142857,0.198285714285714,-0.114857142857143,-1.195,0.17,0.82,-1.63571428571429,-2.79,-1.01428571428571,-0.0228571428571429,0.00428571428571428,0.718571428571429,-0.968571428571429,0.697142857142857,0.395714285714286,-0.41,0.257142857142857,-0.0957142857142857,-0.0114285714285714,0.294285714285714,0.17,0.237142857142857,0.537142857142857,0.282857142857143
"1YMB","A",131,-0.515714285714286,-0.68,-0.22,0.285714285714286,0.397142857142857,-0.138571428571429,0.487142857142857,0.0528571428571429,-0.511428571428571,-0.252857142857143,-0.262857142857143,-0.475714285714286,0.288571428571429,-0.194285714285714,-0.567142857142857,-0.652857142857143,0.0485714285714285,0.201428571428571,-0.26,0.358571428571429,-0.41,-0.172,0.181714285714286,-0.538,0.472714285714286,-0.153428571428571,-0.0674285714285714,0.638571428571429,-1.38714285714286,-0.431428571428571,-0.0671428571428572,0.258571428571429,-6.35285714285714,-0.00714285714285713,-0.214285714285714,0.685714285714286,1.15,-1.124,-0.222428571428571,-0.226714285714286,0.181571428571429,-0.187428571428571,-0.857285714285714,0.218571428571429,0.632857142857143,-1.67571428571429,-1.75714285714286,-0.275714285714286,0.962857142857143,-0.0328571428571428,0.784285714285714,-0.651428571428571,0.784285714285714,0.352857142857143,-0.39,0.0471428571428571,-0.288571428571429,0.215714285714286,0.334285714285714,0.294285714285714,-0.0928571428571428,0.411428571428571,0.162857142857143
"1YMB","A",136,-0.774285714285714,0.227142857142857,-0.325714285714286,0.12,-0.468571428571429,-0.921428571428571,0.642857142857143,-0.0842857142857143,0.317142857142857,0.335714285714286,-0.181428571428571,-0.00428571428571429,0.0357142857142857,0.0814285714285715,0.312857142857143,0.338571428571429,-0.0357142857142857,0.248571428571429,-0.2,0.432857142857143,-0.134285714285714,-0.0158571428571429,0.815428571428571,0.310428571428571,0.769571428571428,0.192857142857143,0.240714285714286,-0.517142857142857,0.0957142857142857,-1.06,-0.0857142857142857,0.321428571428571,-3.25285714285714,0.862857142857143,-0.474285714285714,0.301428571428571,0.288571428571429,-0.630714285714286,-0.134142857142857,0.0618571428571429,-0.0897142857142857,-0.379,0.316571428571429,0.203428571428571,0.430714285714286,0.757142857142857,1.01142857142857,-0.905714285714286,0.664285714285714,-0.854285714285714,0.778571428571429,-0.374285714285714,0.125714285714286,-0.104285714285714,-0.178571428571429,-0.552857142857143,-0.22,0.224285714285714,0.197142857142857,0.102857142857143,0.145714285714286,0.234285714285714,-0.295714285714286
"1YMB","A",137,-0.562857142857143,0.1,-0.31,-0.00714285714285715,-0.662857142857143,-0.637142857142857,0.465714285714286,0.102857142857143,0.542857142857143,0.00285714285714288,-0.15,-0.1,-0.104285714285714,0.107142857142857,0.212857142857143,0.185714285714286,-0.0514285714285715,-0.0642857142857143,-0.174285714285714,0.304285714285714,-0.267142857142857,0.0381428571428571,0.599571428571429,0.208571428571429,0.665285714285714,0.14,-0.011,-0.408571428571429,0.2,-0.555714285714286,-0.462857142857143,0.507142857142857,-3.54285714285714,0.622857142857143,-0.0671428571428571,0.211428571428571,0.451428571428571,-0.685571428571429,-0.177285714285714,-0.0735714285714286,-0.111,-0.192714285714286,0.195571428571429,0.108428571428571,0.328,0.772857142857143,0.412857142857143,-0.985714285714286,0.215714285714286,-0.502857142857143,0.484285714285714,-0.255714285714286,-0.275714285714286,-0.0514285714285714,-0.141428571428571,-0.445714285714286,0.0457142857142857,0.124285714285714,0.301428571428571,0.0685714285714286,0.0457142857142857,0.0371428571428572,-0.194285714285714
"1YMB","A",138,-0.257142857142857,0.307142857142857,-0.397142857142857,0.147142857142857,-0.661428571428571,-0.504285714285714,0.277142857142857,0.181428571428571,0.621428571428572,0.171428571428571,0.13,-0.118571428571429,-0.291428571428571,-0.0785714285714285,0.467142857142857,0.32,0.0785714285714285,-0.45,0.142857142857143,0.257142857142857,-0.118571428571429,-0.176857142857143,0.418857142857143,0.269285714285714,0.442142857142857,0.094,-0.177,0.125714285714286,0.664285714285714,-0.365714285714286,-0.794285714285714,0.428571428571429,-2.90571428571429,0.962857142857143,0.0414285714285714,0.0057142857142857,0.278571428571429,-0.593428571428571,-0.072,-0.0955714285714286,-0.180285714285714,0.0331428571428572,0.528428571428571,0.033,0.142857142857143,-0.157142857142857,1.25285714285714,-1.11571428571429,-0.681428571428571,-0.378571428571429,0.145714285714286,-0.0428571428571429,-0.28,0.158571428571429,-0.00857142857142856,-0.475714285714286,0.115714285714286,-0.0514285714285714,0.275714285714286,-0.257142857142857,0.128571428571429,-0.178571428571429,-0.281428571428571
"1YMB","A",139,-0.212857142857143,0.284285714285714,-0.107142857142857,0.194285714285714,-0.66,-0.207142857142857,0.0214285714285714,0.362857142857143,0.651428571428571,-0.215714285714286,0.124285714285714,-0.13,-0.282857142857143,-0.0914285714285714,0.437142857142857,0.311428571428571,-0.0642857142857143,-0.438571428571429,0.108571428571429,0.222857142857143,-0.0485714285714286,-0.130571428571429,0.334285714285714,0.284428571428571,0.275,-0.0105714285714286,-0.0958571428571428,0.181428571428571,0.602857142857143,-0.397142857142857,-0.811428571428571,0.345714285714286,-2.88714285714286,0.882857142857143,0.09,-0.00142857142857145,0.245714285714286,-0.587571428571429,-0.162142857142857,-0.150857142857143,-0.185714285714286,0.065,0.537857142857143,0.0458571428571429,0.0521428571428571,-0.04,1.19571428571429,-1.22714285714286,-0.615714285714286,-0.184285714285714,0.00428571428571427,0.245714285714286,-0.338571428571429,0.151428571428571,-0.0471428571428571,-0.458571428571429,0.194285714285714,-0.141428571428571,0.267142857142857,-0.291428571428571,0.135714285714286,-0.147142857142857,-0.248571428571429
"1YMB","A",147,-0.27,-0.0457142857142857,-0.387142857142857,0.354285714285714,0.0557142857142857,-0.922857142857143,0.587142857142857,0.395714285714286,-0.337142857142857,0.36,-0.0414285714285714,-0.235714285714286,0.195714285714286,-0.228571428571429,0.118571428571429,-0.135714285714286,0.464285714285714,0.194285714285714,-0.291428571428571,0.808571428571428,-0.382857142857143,-0.370285714285714,0.200571428571429,0,0.702857142857143,-0.180714285714286,-0.0838571428571428,0.451428571428571,-0.457142857142857,-0.741428571428571,-0.242857142857143,0.0942857142857143,-4.31857142857143,0.495714285714286,-0.397142857142857,0.258571428571429,0.741428571428571,-0.793,-0.0741428571428572,0.0772857142857143,-0.0298571428571429,-0.299571428571429,-0.334142857142857,0.0494285714285714,0.749857142857143,-1.71142857142857,0.114285714285714,0.0857142857142857,0.492857142857143,-1.00857142857143,1.22285714285714,0.114285714285714,0.154285714285714,0.305714285714286,0.04,-0.21,-0.198571428571429,0.137142857142857,0.194285714285714,0.232857142857143,0.191428571428571,0.395714285714286,-0.157142857142857
"1YMB","A",149,-0.0957142857142857,0.25,-0.257142857142857,0.102857142857143,0.157142857142857,-0.611428571428571,0.667142857142857,0.474285714285714,-0.0585714285714286,-0.0528571428571429,-7.93016446160826e-18,-0.115714285714286,-0.128571428571429,-0.00285714285714282,0.281428571428571,0.12,0.481428571428571,0.00571428571428568,-0.157142857142857,0.305714285714286,-0.42,-0.149285714285714,0.0978571428571428,0.288,0.388428571428571,-0.169571428571429,-0.107714285714286,-0.262857142857143,0.0957142857142858,-0.525714285714286,-0.55,-0.13,-3.00571428571429,0.505714285714286,-0.295714285714286,-0.185714285714286,0.432857142857143,-0.596571428571429,0.0398571428571428,0.251142857142857,-0.100857142857143,-0.252571428571429,-0.0110000000000001,-0.0924285714285714,0.594428571428571,-0.582857142857143,0.642857142857143,0.298571428571429,-0.264285714285714,-0.718571428571429,0.87,0.15,0.132857142857143,0.0557142857142857,0.364285714285714,-0.34,-0.0914285714285714,-0.0214285714285715,0.182857142857143,0.0428571428571429,0.222857142857143,0.291428571428571,-0.171428571428571
"1YMB","A",151,-0.0842857142857143,-0.241428571428571,-0.404285714285714,0.16,0.171428571428571,-0.53,0.9,0.664285714285714,-0.288571428571429,-0.0628571428571429,-0.17,-0.318571428571429,-0.03,-0.118571428571429,-0.165714285714286,-0.422857142857143,0.702857142857143,-0.145714285714286,-0.361428571428571,0.73,-0.537142857142857,-0.225571428571429,-0.0965714285714286,-0.199,0.632428571428571,-0.209571428571429,-0.312714285714286,0.392857142857143,-0.832857142857143,-0.535714285714286,-0.672857142857143,0.0257142857142857,-4.81857142857143,0.4,-0.322857142857143,0.16,0.947142857142857,-0.904,-0.044,0.0677142857142857,0.0472857142857143,-0.336,-0.434285714285714,0.0882857142857143,0.931571428571429,-1.84571428571429,-1.11571428571429,0.545714285714286,-0.275714285714286,-0.754285714285714,1.32714285714286,-0.0885714285714286,0.0742857142857143,0.34,0.14,-0.01,-0.185714285714286,-0.0828571428571429,0.421428571428571,0.181428571428571,0.382857142857143,0.191428571428571,-0.101428571428571
